基金代码,基金名称,股票代码,股票名称
006502,财通集成电路产业股票A,301200,大族数控
006502,财通集成电路产业股票A,301377,鼎泰高科
006502,财通集成电路产业股票A,688183,生益电子
006502,财通集成电路产业股票A,300308,中际旭创
006502,财通集成电路产业股票A,688498,源杰科技
006502,财通集成电路产业股票A,300502,新易盛
006502,财通集成电路产业股票A,600105,永鼎股份
006502,财通集成电路产业股票A,002463,沪电股份
006502,财通集成电路产业股票A,600498,烽火通信
006502,财通集成电路产业股票A,688195,腾景科技
014736,创金合信专精特新股票发起A,688072,拓荆科技
014736,创金合信专精特新股票发起A,688630,芯碁微装
014736,创金合信专精特新股票发起A,688652,京仪装备
014736,创金合信专精特新股票发起A,688019,安集科技
014736,创金合信专精特新股票发起A,688120,华海清科
014736,创金合信专精特新股票发起A,920640,富士达
014736,创金合信专精特新股票发起A,688141,杰华特
014736,创金合信专精特新股票发起A,688361,中科飞测
014736,创金合信专精特新股票发起A,688627,精智达
014736,创金合信专精特新股票发起A,688536,思瑞浦
005825,申万菱信智能驱动股票A,688120,华海清科
005825,申万菱信智能驱动股票A,002371,北方华创
005825,申万菱信智能驱动股票A,300661,圣邦股份
005825,申万菱信智能驱动股票A,688012,中微公司
005825,申万菱信智能驱动股票A,300567,精测电子
005825,申万菱信智能驱动股票A,300308,中际旭创
005825,申万菱信智能驱动股票A,688052,纳芯微
005825,申万菱信智能驱动股票A,300502,新易盛
005825,申万菱信智能驱动股票A,688627,精智达
005825,申万菱信智能驱动股票A,688361,中科飞测
005628,汇安趋势动力股票A,688120,华海清科
005628,汇安趋势动力股票A,688072,拓荆科技
005628,汇安趋势动力股票A,688012,中微公司
005628,汇安趋势动力股票A,688361,中科飞测
005628,汇安趋势动力股票A,300054,鼎龙股份
005628,汇安趋势动力股票A,688019,安集科技
005628,汇安趋势动力股票A,688300,联瑞新材
005628,汇安趋势动力股票A,300666,江丰电子
005628,汇安趋势动力股票A,301611,珂玛科技
005628,汇安趋势动力股票A,688809,强一股份
540010,汇丰晋信科技先锋股票,688195,腾景科技
540010,汇丰晋信科技先锋股票,688498,源杰科技
540010,汇丰晋信科技先锋股票,300502,新易盛
540010,汇丰晋信科技先锋股票,300394,天孚通信
540010,汇丰晋信科技先锋股票,688167,炬光科技
540010,汇丰晋信科技先锋股票,300308,中际旭创
540010,汇丰晋信科技先锋股票,300570,太辰光
540010,汇丰晋信科技先锋股票,688012,中微公司
540010,汇丰晋信科技先锋股票,688270,ST臻镭
540010,汇丰晋信科技先锋股票,002475,立讯精密
020356,华夏半导体材料设备ETF联接A,688012,中微公司
020356,华夏半导体材料设备ETF联接A,002371,北方华创
020356,华夏半导体材料设备ETF联接A,688072,拓荆科技
020356,华夏半导体材料设备ETF联接A,300604,长川科技
020356,华夏半导体材料设备ETF联接A,688120,华海清科
020356,华夏半导体材料设备ETF联接A,688126,沪硅产业
020356,华夏半导体材料设备ETF联接A,688361,中科飞测
020356,华夏半导体材料设备ETF联接A,300346,南大光电
020356,华夏半导体材料设备ETF联接A,688019,安集科技
020356,华夏半导体材料设备ETF联接A,300666,江丰电子
021532,天弘半导体设备指数A,688012,中微公司
021532,天弘半导体设备指数A,002371,北方华创
021532,天弘半导体设备指数A,688072,拓荆科技
021532,天弘半导体设备指数A,300604,长川科技
021532,天弘半导体设备指数A,688120,华海清科
021532,天弘半导体设备指数A,688126,沪硅产业
021532,天弘半导体设备指数A,688361,中科飞测
021532,天弘半导体设备指数A,300346,南大光电
021532,天弘半导体设备指数A,688019,安集科技
021532,天弘半导体设备指数A,300666,江丰电子
010013,易方达信息行业精选股票A,300502,新易盛
010013,易方达信息行业精选股票A,300308,中际旭创
010013,易方达信息行业精选股票A,688498,源杰科技
010013,易方达信息行业精选股票A,600487,亨通光电
010013,易方达信息行业精选股票A,002384,东山精密
010013,易方达信息行业精选股票A,300750,宁德时代
010013,易方达信息行业精选股票A,301377,鼎泰高科
010013,易方达信息行业精选股票A,300620,光库科技
010013,易方达信息行业精选股票A,600522,中天科技
010013,易方达信息行业精选股票A,06869,长飞光纤光缆
020639,广发半导体设备ETF联接A,603078,江化微
020639,广发半导体设备ETF联接A,688361,中科飞测
020639,广发半导体设备ETF联接A,688146,中船特气
020639,广发半导体设备ETF联接A,688126,沪硅产业
020639,广发半导体设备ETF联接A,688549,中巨芯
001105,信澳转型创新股票A,688630,芯碁微装
001105,信澳转型创新股票A,300548,长芯博创
001105,信澳转型创新股票A,002384,东山精密
001105,信澳转型创新股票A,601138,工业富联
001105,信澳转型创新股票A,002916,深南电路
001105,信澳转型创新股票A,688002,睿创微纳
001105,信澳转型创新股票A,688519,南亚新材
001105,信澳转型创新股票A,300602,飞荣达
001105,信澳转型创新股票A,688099,晶晨股份
001105,信澳转型创新股票A,002080,中材科技
008382,融通产业趋势股票,300502,新易盛
008382,融通产业趋势股票,300308,中际旭创
008382,融通产业趋势股票,002384,东山精密
008382,融通产业趋势股票,06869,长飞光纤光缆
008382,融通产业趋势股票,600105,永鼎股份
008382,融通产业趋势股票,688498,源杰科技
008382,融通产业趋势股票,603306,华懋科技
008382,融通产业趋势股票,06166,剑桥科技
008382,融通产业趋势股票,688388,嘉元科技
008382,融通产业趋势股票,300394,天孚通信
006081,海富通电子传媒股票A,300502,新易盛
006081,海富通电子传媒股票A,300308,中际旭创
006081,海富通电子传媒股票A,002463,沪电股份
006081,海富通电子传媒股票A,002384,东山精密
006081,海富通电子传媒股票A,688498,源杰科技
006081,海富通电子传媒股票A,600183,生益科技
006081,海富通电子传媒股票A,002916,深南电路
006081,海富通电子传媒股票A,300394,天孚通信
006081,海富通电子传媒股票A,688361,中科飞测
006081,海富通电子传媒股票A,300475,香农芯创
009491,宝盈创新驱动股票A,300502,新易盛
009491,宝盈创新驱动股票A,002384,东山精密
009491,宝盈创新驱动股票A,300394,天孚通信
009491,宝盈创新驱动股票A,300308,中际旭创
009491,宝盈创新驱动股票A,01347,华虹半导体
009491,宝盈创新驱动股票A,300433,蓝思科技
009491,宝盈创新驱动股票A,603306,华懋科技
009491,宝盈创新驱动股票A,300857,协创数据
009491,宝盈创新驱动股票A,688048,长光华芯
009491,宝盈创新驱动股票A,688200,华峰测控
010391,易方达战略新兴产业股票A,300502,新易盛
010391,易方达战略新兴产业股票A,002463,沪电股份
010391,易方达战略新兴产业股票A,300308,中际旭创
010391,易方达战略新兴产业股票A,002384,东山精密
010391,易方达战略新兴产业股票A,06869,长飞光纤光缆
010391,易方达战略新兴产业股票A,688519,南亚新材
010391,易方达战略新兴产业股票A,688521,芯原股份
010391,易方达战略新兴产业股票A,600522,中天科技
010391,易方达战略新兴产业股票A,688120,华海清科
010391,易方达战略新兴产业股票A,00981,中芯国际
013242,华银优势行业股票,688498,源杰科技
013242,华银优势行业股票,688525,佰维存储
013242,华银优势行业股票,001309,德明利
013242,华银优势行业股票,300502,新易盛
013242,华银优势行业股票,300308,中际旭创
013242,华银优势行业股票,301031,中熔电气
013242,华银优势行业股票,301200,大族数控
013242,华银优势行业股票,300394,天孚通信
013242,华银优势行业股票,688127,蓝特光学
013242,华银优势行业股票,688025,杰普特
009891,融通产业趋势臻选股票A,002384,东山精密
009891,融通产业趋势臻选股票A,300308,中际旭创
009891,融通产业趋势臻选股票A,300502,新易盛
009891,融通产业趋势臻选股票A,06869,长飞光纤光缆
009891,融通产业趋势臻选股票A,688498,源杰科技
009891,融通产业趋势臻选股票A,600105,永鼎股份
009891,融通产业趋势臻选股票A,002080,中材科技
009891,融通产业趋势臻选股票A,00700,腾讯控股
009891,融通产业趋势臻选股票A,600875,东方电气
009891,融通产业趋势臻选股票A,06166,剑桥科技
020839,南方中证半导体产业指数发起A,688012,中微公司
020839,南方中证半导体产业指数发起A,002371,北方华创
020839,南方中证半导体产业指数发起A,688072,拓荆科技
020839,南方中证半导体产业指数发起A,688256,寒武纪
020839,南方中证半导体产业指数发起A,300604,长川科技
020839,南方中证半导体产业指数发起A,688041,海光信息
020839,南方中证半导体产业指数发起A,688981,中芯国际
020839,南方中证半导体产业指数发起A,688120,华海清科
020839,南方中证半导体产业指数发起A,688361,中科飞测
020839,南方中证半导体产业指数发起A,300346,南大光电
001956,国联安科技动力,300502,新易盛
001956,国联安科技动力,300308,中际旭创
001956,国联安科技动力,688498,源杰科技
001956,国联安科技动力,601869,长飞光纤
001956,国联安科技动力,300394,天孚通信
001956,国联安科技动力,688048,长光华芯
001956,国联安科技动力,300757,罗博特科
001956,国联安科技动力,688205,德科立
001956,国联安科技动力,300548,长芯博创
001956,国联安科技动力,300620,光库科技
020464,招商中证半导体产业ETF发起式联接A,688012,中微公司
012696,同泰数字经济股票A,300502,新易盛
012696,同泰数字经济股票A,300308,中际旭创
012696,同泰数字经济股票A,300604,长川科技
012696,同泰数字经济股票A,688766,普冉股份
012696,同泰数字经济股票A,301611,珂玛科技
012696,同泰数字经济股票A,688702,盛科通信
012696,同泰数字经济股票A,300567,精测电子
012696,同泰数字经济股票A,300666,江丰电子
012696,同泰数字经济股票A,06869,长飞光纤光缆
012696,同泰数字经济股票A,600498,烽火通信
021718,华泰紫金中证半导体产业指数型发起A,688012,中微公司
021718,华泰紫金中证半导体产业指数型发起A,002371,北方华创
021718,华泰紫金中证半导体产业指数型发起A,688072,拓荆科技
021718,华泰紫金中证半导体产业指数型发起A,688256,寒武纪
021718,华泰紫金中证半导体产业指数型发起A,688041,海光信息
021718,华泰紫金中证半导体产业指数型发起A,300604,长川科技
021718,华泰紫金中证半导体产业指数型发起A,688981,中芯国际
021718,华泰紫金中证半导体产业指数型发起A,688120,华海清科
021718,华泰紫金中证半导体产业指数型发起A,688361,中科飞测
021718,华泰紫金中证半导体产业指数型发起A,300346,南大光电
024069,上银中证半导体产业指数发起式A,688012,中微公司
024069,上银中证半导体产业指数发起式A,002371,北方华创
024069,上银中证半导体产业指数发起式A,688072,拓荆科技
024069,上银中证半导体产业指数发起式A,688256,寒武纪
024069,上银中证半导体产业指数发起式A,300604,长川科技
024069,上银中证半导体产业指数发起式A,688041,海光信息
024069,上银中证半导体产业指数发起式A,688981,中芯国际
024069,上银中证半导体产业指数发起式A,688120,华海清科
024069,上银中证半导体产业指数发起式A,688361,中科飞测
024069,上银中证半导体产业指数发起式A,300346,南大光电
001877,宝盈国家安全沪港深股票A,300502,新易盛
001877,宝盈国家安全沪港深股票A,300394,天孚通信
001877,宝盈国家安全沪港深股票A,300903,科翔股份
001877,宝盈国家安全沪港深股票A,601869,长飞光纤
001877,宝盈国家安全沪港深股票A,300308,中际旭创
001877,宝盈国家安全沪港深股票A,688627,精智达
001877,宝盈国家安全沪港深股票A,01347,华虹半导体
001877,宝盈国家安全沪港深股票A,002384,东山精密
001877,宝盈国家安全沪港深股票A,301018,申菱环境
001877,宝盈国家安全沪港深股票A,688270,ST臻镭
014854,嘉实中证半导体指数增强发起式A,688012,中微公司
014854,嘉实中证半导体指数增强发起式A,002371,北方华创
014854,嘉实中证半导体指数增强发起式A,688072,拓荆科技
014854,嘉实中证半导体指数增强发起式A,300604,长川科技
014854,嘉实中证半导体指数增强发起式A,688256,寒武纪
014854,嘉实中证半导体指数增强发起式A,688981,中芯国际
014854,嘉实中证半导体指数增强发起式A,688041,海光信息
014854,嘉实中证半导体指数增强发起式A,688361,中科飞测
014854,嘉实中证半导体指数增强发起式A,688120,华海清科
014854,嘉实中证半导体指数增强发起式A,688200,华峰测控
519935,长信创新驱动股票,300502,新易盛
519935,长信创新驱动股票,300308,中际旭创
519935,长信创新驱动股票,002812,恩捷股份
519935,长信创新驱动股票,002371,北方华创
519935,长信创新驱动股票,688012,中微公司
519935,长信创新驱动股票,688072,拓荆科技
519935,长信创新驱动股票,300450,先导智能
519935,长信创新驱动股票,300814,中富电路
519935,长信创新驱动股票,688521,芯原股份
519935,长信创新驱动股票,002080,中材科技
000697,汇添富移动互联股票A,300308,中际旭创
000697,汇添富移动互联股票A,300502,新易盛
000697,汇添富移动互联股票A,002463,沪电股份
000697,汇添富移动互联股票A,603986,兆易创新
000697,汇添富移动互联股票A,002008,大族激光
000697,汇添富移动互联股票A,688205,德科立
000697,汇添富移动互联股票A,300757,罗博特科
000697,汇添富移动互联股票A,688048,长光华芯
000697,汇添富移动互联股票A,688702,盛科通信
000697,汇添富移动互联股票A,688167,炬光科技
021224,华宝上证科创板芯片ETF发起式联接A,688795,摩尔线程
021224,华宝上证科创板芯片ETF发起式联接A,688802,沐曦股份
021224,华宝上证科创板芯片ETF发起式联接A,688759,必贝特
021224,华宝上证科创板芯片ETF发起式联接A,688790,昂瑞微
021224,华宝上证科创板芯片ETF发起式联接A,688818,电科蓝天
021224,华宝上证科创板芯片ETF发起式联接A,688809,强一股份
021224,华宝上证科创板芯片ETF发起式联接A,688712,北芯生命
021224,华宝上证科创板芯片ETF发起式联接A,688796,百奥赛图
021224,华宝上证科创板芯片ETF发起式联接A,688807,优迅股份
021224,华宝上证科创板芯片ETF发起式联接A,688785,恒运昌
001416,嘉实事件驱动股票,300308,中际旭创
001416,嘉实事件驱动股票,300394,天孚通信
001416,嘉实事件驱动股票,603986,兆易创新
001416,嘉实事件驱动股票,300502,新易盛
001416,嘉实事件驱动股票,600487,亨通光电
001416,嘉实事件驱动股票,688498,源杰科技
001416,嘉实事件驱动股票,600522,中天科技
001416,嘉实事件驱动股票,300570,太辰光
001416,嘉实事件驱动股票,601869,长飞光纤
001416,嘉实事件驱动股票,601231,环旭电子
014191,广发先进制造股票发起式A,300502,新易盛
014191,广发先进制造股票发起式A,300308,中际旭创
014191,广发先进制造股票发起式A,300394,天孚通信
014191,广发先进制造股票发起式A,06869,长飞光纤光缆
014191,广发先进制造股票发起式A,00175,吉利汽车
014191,广发先进制造股票发起式A,600487,亨通光电
014191,广发先进制造股票发起式A,002384,东山精密
014191,广发先进制造股票发起式A,002126,银轮股份
014191,广发先进制造股票发起式A,000338,潍柴动力
014191,广发先进制造股票发起式A,600522,中天科技
000411,景顺长城优质成长股票A,300502,新易盛
000411,景顺长城优质成长股票A,300308,中际旭创
000411,景顺长城优质成长股票A,300394,天孚通信
000411,景顺长城优质成长股票A,002463,沪电股份
000411,景顺长城优质成长股票A,300476,胜宏科技
000411,景顺长城优质成长股票A,688195,腾景科技
000411,景顺长城优质成长股票A,688498,源杰科技
000411,景顺长城优质成长股票A,601138,工业富联
000411,景顺长城优质成长股票A,000338,潍柴动力
000411,景顺长城优质成长股票A,300757,罗博特科
005310,广发电子信息传媒股票A,600487,亨通光电
005310,广发电子信息传媒股票A,300394,天孚通信
005310,广发电子信息传媒股票A,600522,中天科技
005310,广发电子信息传媒股票A,603986,兆易创新
005310,广发电子信息传媒股票A,300502,新易盛
005310,广发电子信息传媒股票A,300857,协创数据
005310,广发电子信息传媒股票A,688041,海光信息
005310,广发电子信息传媒股票A,601869,长飞光纤
005310,广发电子信息传媒股票A,300308,中际旭创
005310,广发电子信息传媒股票A,603618,杭电股份
008009,华商高端装备制造股票A,06869,长飞光纤光缆
008009,华商高端装备制造股票A,300502,新易盛
008009,华商高端装备制造股票A,603986,兆易创新
008009,华商高端装备制造股票A,300750,宁德时代
008009,华商高端装备制造股票A,688498,源杰科技
008009,华商高端装备制造股票A,300274,阳光电源
008009,华商高端装备制造股票A,600110,诺德股份
008009,华商高端装备制造股票A,688766,普冉股份
008009,华商高端装备制造股票A,603026,石大胜华
008009,华商高端装备制造股票A,300438,鹏辉能源
006265,红土创新新科技股票A,300308,中际旭创
006265,红土创新新科技股票A,300502,新易盛
006265,红土创新新科技股票A,002384,东山精密
006265,红土创新新科技股票A,688630,芯碁微装
006265,红土创新新科技股票A,300207,欣旺达
006265,红土创新新科技股票A,688498,源杰科技
006265,红土创新新科技股票A,688777,中控技术
006265,红土创新新科技股票A,300438,鹏辉能源
006265,红土创新新科技股票A,000973,佛塑科技
006265,红土创新新科技股票A,600522,中天科技
501201,红土创新科技创新股票(LOF)A,300308,中际旭创
501201,红土创新科技创新股票(LOF)A,300502,新易盛
501201,红土创新科技创新股票(LOF)A,002384,东山精密
501201,红土创新科技创新股票(LOF)A,688498,源杰科技
501201,红土创新科技创新股票(LOF)A,301358,湖南裕能
501201,红土创新科技创新股票(LOF)A,688630,芯碁微装
501201,红土创新科技创新股票(LOF)A,300207,欣旺达
501201,红土创新科技创新股票(LOF)A,300438,鹏辉能源
501201,红土创新科技创新股票(LOF)A,688717,艾罗能源
501201,红土创新科技创新股票(LOF)A,002812,恩捷股份
000688,景顺长城研究精选股票A,300308,中际旭创
000688,景顺长城研究精选股票A,300502,新易盛
000688,景顺长城研究精选股票A,002384,东山精密
000688,景顺长城研究精选股票A,688498,源杰科技
000688,景顺长城研究精选股票A,301550,斯菱智驱
000688,景顺长城研究精选股票A,300394,天孚通信
000688,景顺长城研究精选股票A,603626,科森科技
000688,景顺长城研究精选股票A,688041,海光信息
000688,景顺长城研究精选股票A,688195,腾景科技
000688,景顺长城研究精选股票A,601869,长飞光纤
008326,东财通信A,300502,新易盛
008326,东财通信A,300308,中际旭创
008326,东财通信A,300394,天孚通信
008326,东财通信A,002384,东山精密
008326,东财通信A,000063,中兴通讯
008326,东财通信A,000988,华工科技
008326,东财通信A,600487,亨通光电
008326,东财通信A,002463,沪电股份
008326,东财通信A,600522,中天科技
008326,东财通信A,300408,三环集团
001048,富国新兴产业股票A,300502,新易盛
001048,富国新兴产业股票A,300308,中际旭创
001048,富国新兴产业股票A,688256,寒武纪
001048,富国新兴产业股票A,06869,长飞光纤光缆
001048,富国新兴产业股票A,002384,东山精密
001048,富国新兴产业股票A,002463,沪电股份
001048,富国新兴产业股票A,688012,中微公司
001048,富国新兴产业股票A,002916,深南电路
001048,富国新兴产业股票A,688498,源杰科技
001048,富国新兴产业股票A,603986,兆易创新
006751,富国互联科技股票A,300308,中际旭创
006751,富国互联科技股票A,300502,新易盛
006751,富国互联科技股票A,06869,长飞光纤光缆
006751,富国互联科技股票A,002463,沪电股份
006751,富国互联科技股票A,002384,东山精密
006751,富国互联科技股票A,002916,深南电路
006751,富国互联科技股票A,300394,天孚通信
006751,富国互联科技股票A,688019,安集科技
006751,富国互联科技股票A,603929,亚翔集成
006751,富国互联科技股票A,603308,应流股份
017488,嘉实信息产业股票发起式A,300502,新易盛
017488,嘉实信息产业股票发起式A,300308,中际旭创
017488,嘉实信息产业股票发起式A,688041,海光信息
017488,嘉实信息产业股票发起式A,601138,工业富联
017488,嘉实信息产业股票发起式A,300394,天孚通信
017488,嘉实信息产业股票发起式A,603019,中科曙光
017488,嘉实信息产业股票发起式A,002384,东山精密
017488,嘉实信息产业股票发起式A,600487,亨通光电
017488,嘉实信息产业股票发起式A,920808,曙光数创
017488,嘉实信息产业股票发起式A,688498,源杰科技
008086,华夏中证5G通信主题ETF联接A,300502,新易盛
008086,华夏中证5G通信主题ETF联接A,300308,中际旭创
008086,华夏中证5G通信主题ETF联接A,002475,立讯精密
008086,华夏中证5G通信主题ETF联接A,601138,工业富联
008086,华夏中证5G通信主题ETF联接A,603986,兆易创新
008086,华夏中证5G通信主题ETF联接A,300394,天孚通信
008086,华夏中证5G通信主题ETF联接A,002384,东山精密
008086,华夏中证5G通信主题ETF联接A,000063,中兴通讯
008086,华夏中证5G通信主题ETF联接A,000988,华工科技
008086,华夏中证5G通信主题ETF联接A,600487,亨通光电
021933,富国中证通信设备主题ETF发起式联接A,300502,新易盛
021933,富国中证通信设备主题ETF发起式联接A,300308,中际旭创
021933,富国中证通信设备主题ETF发起式联接A,300394,天孚通信
021933,富国中证通信设备主题ETF发起式联接A,000063,中兴通讯
021933,富国中证通信设备主题ETF发起式联接A,000938,紫光股份
021933,富国中证通信设备主题ETF发起式联接A,002179,中航光电
021933,富国中证通信设备主题ETF发起式联接A,002281,光迅科技
021933,富国中证通信设备主题ETF发起式联接A,300548,长芯博创
021933,富国中证通信设备主题ETF发起式联接A,300620,光库科技
021933,富国中证通信设备主题ETF发起式联接A,002465,海格通信
020899,天弘中证全指通信设备指数发起A,300502,新易盛
020899,天弘中证全指通信设备指数发起A,300308,中际旭创
020899,天弘中证全指通信设备指数发起A,601138,工业富联
020899,天弘中证全指通信设备指数发起A,300394,天孚通信
020899,天弘中证全指通信设备指数发起A,600487,亨通光电
020899,天弘中证全指通信设备指数发起A,000063,中兴通讯
020899,天弘中证全指通信设备指数发起A,600522,中天科技
020899,天弘中证全指通信设备指数发起A,300136,信维通信
020899,天弘中证全指通信设备指数发起A,600498,烽火通信
020899,天弘中证全指通信设备指数发起A,002281,光迅科技
021988,银河中证通信设备主题指数发起式A,300502,新易盛
021988,银河中证通信设备主题指数发起式A,300308,中际旭创
021988,银河中证通信设备主题指数发起式A,300394,天孚通信
021988,银河中证通信设备主题指数发起式A,000063,中兴通讯
021988,银河中证通信设备主题指数发起式A,600879,航天电子
021988,银河中证通信设备主题指数发起式A,000938,紫光股份
021988,银河中证通信设备主题指数发起式A,600118,中国卫星
021988,银河中证通信设备主题指数发起式A,002179,中航光电
021988,银河中证通信设备主题指数发起式A,002281,光迅科技
021988,银河中证通信设备主题指数发起式A,600498,烽火通信
020691,博时中证全指通信设备指数发起式A,300502,新易盛
020691,博时中证全指通信设备指数发起式A,300308,中际旭创
020691,博时中证全指通信设备指数发起式A,601138,工业富联
020691,博时中证全指通信设备指数发起式A,300394,天孚通信
020691,博时中证全指通信设备指数发起式A,000063,中兴通讯
020691,博时中证全指通信设备指数发起式A,600487,亨通光电
020691,博时中证全指通信设备指数发起式A,600522,中天科技
020691,博时中证全指通信设备指数发起式A,300136,信维通信
020691,博时中证全指通信设备指数发起式A,600498,烽火通信
020691,博时中证全指通信设备指数发起式A,002281,光迅科技
